elapsed_seconds,alpha,theta,beta,stillness,valid
1,0.3333333333333333,0.3333333333333333,0.3333333333333333,0.9904133507822916,1
2,0.3333333333333333,0.3333333333333333,0.3333333333333333,0.9905704743746472,1
3,0.3333333333333333,0.3333333333333333,0.3333333333333333,0.9903229403821006,1
4,0.3333333333333333,0.3333333333333333,0.3333333333333333,0.9903271002640106,1
5,0.3333333333333333,0.3333333333333333,0.3333333333333333,0.9877234165870634,1
6,0.3333333333333333,0.3333333333333333,0.3333333333333333,0.9865627275967533,1
7,0.3333333333333333,0.3333333333333333,0.3333333333333333,0.9852590297270438,1
8,0.3333333333333333,0.3333333333333333,0.3333333333333333,0.9844861900786953,1
9,0.3333333333333333,0.3333333333333333,0.3333333333333333,0.9835036650353839,1
10,0.3333333333333333,0.3333333333333333,0.3333333333333333,0.9834873872051555,1
11,0.3333333333333333,0.3333333333333333,0.3333333333333333,0.9829470969755346,1
12,0.3333333333333333,0.3333333333333333,0.3333333333333333,0.9829619024275582,1
13,0.3333333333333333,0.3333333333333333,0.3333333333333333,0.9836907143768806,1
14,0.3333333333333333,0.3333333333333333,0.3333333333333333,0.9847441148794555,1
15,0.3333333333333333,0.3333333333333333,0.3333333333333333,0.983816545690893,1
16,0.3333333333333333,0.3333333333333333,0.3333333333333333,0.982988533308742,1
17,0.3333333333333333,0.3333333333333333,0.3333333333333333,0.9828155581018019,1
18,0.3333333333333333,0.3333333333333333,0.3333333333333333,0.9827819193781974,1
19,0.3333333333333333,0.3333333333333333,0.3333333333333333,0.9820280398475234,1
20,0.3333333333333333,0.3333333333333333,0.3333333333333333,0.9820649187887842,1
21,0.3333333333333333,0.3333333333333333,0.3333333333333333,0.9815685671673056,1
22,0.3333333333333333,0.3333333333333333,0.3333333333333333,0.9819188534665189,1
23,0.3333333333333333,0.3333333333333333,0.3333333333333333,0.981636925820232,1
24,0.3333333333333333,0.3333333333333333,0.3333333333333333,0.981462279076853,1
25,0.29311769144615607,0.30222493859550537,0.28520948644931254,0.9813718011260028,1
26,0.2619287178735153,0.2848182939564546,0.24821472197133376,0.9809858433685553,1
27,0.23707439478691958,0.2783893116012804,0.22785382446368715,0.9810039769901981,1
28,0.22801907013625358,0.28014745021801346,0.2151929072057753,0.9806899407383434,1
29,0.2194726744373871,0.2824624236898517,0.20503083091639257,0.9808590861609343,1
30,0.2126355578782939,0.28431440246732226,0.1969011698848864,0.9809469500151791,1
31,0.20716586463101935,0.28579598548929874,0.19039744105968145,0.9812001147621019,1
32,0.20279011003319972,0.2869812519068799,0.1851944579995175,0.9808887434096585,1
33,0.20021548829560692,0.2853880672938019,0.18182717502540618,0.9808515004251963,1
34,0.2064896283714989,0.2612409398790529,0.18628927991229577,0.9808562071725397,1
35,0.21150894043221247,0.2419232379472537,0.18985896382180742,0.9811069185481466,1
36,0.20794267714717882,0.22204673131365224,0.2040804063385858,0.9811343221881544,1
37,0.2056993611075195,0.1981980268076046,0.22292448178527385,0.9809561331547341,1
38,0.1998751481210164,0.1764913667770912,0.23828013564350592,0.9811365624617122,1
39,0.1902467136980882,0.1594923801334521,0.2573136688013632,0.9812196520425273,1
40,0.1818750789158211,0.1470078280955797,0.2733263070269705,0.9808766623273476,1
41,0.17511088236561498,0.13713165019298565,0.2862149987773886,0.9813942408053409,1
42,0.18438189151559986,0.12663593292647984,0.2874782324745891,0.9844364914813426,1
43,0.20564471610878726,0.11588439191431855,0.277142921258275,0.9855268665602058,1
44,0.21990836409001654,0.11384806493094222,0.26483405065925325,0.9862581518697977,1
45,0.2249047975198356,0.11445274665523081,0.24059266758011225,0.9855218360992709,1
46,0.2191851108893523,0.11686738719681583,0.2203791584035777,0.9854354027165227,1
47,0.21029628032780986,0.11849159576976011,0.2041164919760005,0.9843116291231414,1
48,0.2031852158785759,0.11979096262811553,0.19110635883393876,0.9839852100862682,1
49,0.19749636431918874,0.12083045611479987,0.18069825232028935,0.9832276710062047,1
50,0.19261776882987283,0.12533526001644107,0.17517646987547114,0.9826877799972515,1
51,0.20548916113491456,0.14200791769032495,0.1767442758298396,0.9825470371881756,1
52,0.2068078859169634,0.15768202679626206,0.1807689560513173,0.9821268520388042,1
53,0.20071234922686307,0.16834580417362882,0.17325383784079912,0.9819867351547332,1
54,0.20609008507382204,0.17666003623296261,0.16934412040082192,0.9816350460663599,1
55,0.21010853759498696,0.18849367149400728,0.16956746699424055,0.9816303440177157,1
56,0.2133232996119189,0.197960579702843,0.16974614426897544,0.9814005210503329,1
57,0.21589510922546445,0.2055341062699116,0.16988908608876335,0.9815580638331509,1
58,0.2179525569163009,0.21159292752356645,0.17000343954459368,0.9814975998349673,1
59,0.21959851506897005,0.21643998452649035,0.17009492230925796,0.981040038767621,1
60,0.22091528159110538,0.22031763012882946,0.17016810852098938,0.9810418684579748,1
61,0.2227778310429437,0.22270101470078216,0.16968912446639203,0.9809404564833037,1
62,0.2295798187346617,0.21497017050650113,0.16874514628632895,0.9812106798964253,1
63,0.22048580494554829,0.20572603911240242,0.170751101792478,0.9807990732588526,1
64,0.20226293311795976,0.19957228359177737,0.17117629530751594,0.9815745295577362,1
65,0.19920492189955194,0.20820985971769213,0.16980666523964338,0.9811277717517846,1
66,0.19388001580057715,0.20679576120904564,0.16636459293597242,0.9811704426712358,1
67,0.1808302272471947,0.19518126308098313,0.16267877290179156,0.9813843179785895,1
68,0.17039039640448872,0.18588966457853312,0.15973011687444688,0.9810811145507344,1
69,0.16203853173032393,0.1784563857765731,0.15737119205257113,0.9812983508135147,1
70,0.1553570399909921,0.1725097627350051,0.15548405219507053,0.9815317898744569,1
71,0.15001184659952663,0.16775246430175067,0.15397434030907003,0.9812815778890505,1
72,0.14573569188635427,0.16394662555514714,0.15276657080026965,0.9813515580645845,1
73,0.14231476811581636,0.16090195455786432,0.15180035519322935,0.9813323315654658,1
74,0.14196714465061447,0.15654732372905888,0.16406752578020328,0.9812867875425896,1
75,0.1503371594857923,0.14734669357426716,0.17843706170178347,0.9815960235214705,1
76,0.15280343071599553,0.14124221107808374,0.17239547807301517,0.9816975099749674,1
77,0.15834615605971233,0.136088758223838,0.17453257726066834,0.9813656924247302,1
78,0.16321302023081535,0.13133485362240827,0.17966602996799014,0.9817044824050263,1
79,0.16710651156769776,0.12753172994126447,0.18377279213384756,0.9813225455007716,1
80,0.1702213046372037,0.12448923099634944,0.18705820186653352,0.9811383663150537,1
81,0.17271313909280844,0.12205523184041742,0.1896865296526823,0.9811654127064208,1
82,0.17470660665729223,0.1201080325156718,0.1917891918816013,0.981221330640592,1
83,0.17630138070887927,0.1185502730558753,0.1934713216647365,0.9810282188726145,1
84,0.17948051909730486,0.13516630152093362,0.1920481025716659,0.9811941433569499,1
85,0.20223246265811048,0.14249774031902518,0.20411803516603347,0.9813038919389278,1
86,0.22251376609971812,0.14001976043557535,0.220763308951222,0.9812835773511619,1
87,0.2342605377294935,0.14025877419320415,0.23362104201488082,0.9815456071154232,1
88,0.2354495450937814,0.1390883724133233,0.24202249262251557,0.9812690848390423,1
89,0.23533839929250336,0.13961656126847993,0.2603757805356565,0.9811231681289223,1
90,0.22947557578807354,0.14135512988812782,0.2742157248466669,0.980891580462667,1
91,0.22265288396310878,0.14344884279360826,0.2837128395412515,0.9809238514238885,1
92,0.21719473050313698,0.1451238131179926,0.2913105312969192,0.9809667670462252,1
93,0.21282820773515954,0.1464637893775001,0.29738868470145335,0.9815395891932787,1
94,0.2093349895207776,0.1475357703851061,0.30225120742508066,0.9813184425237016,1
95,0.20654041494927203,0.14839335519119087,0.3061412256039825,0.9812747397277601,1
96,0.20516094662971446,0.15079452218814404,0.3070285723121958,0.9811638005436032,1
97,0.20765221358143895,0.1568066894217072,0.3004377318998506,0.9812673210058397,1
98,0.20885910151012693,0.16340887234178403,0.2937063690109826,0.9810067846405893,1
99,0.20982461185307733,0.1686906186778455,0.2883212786998882,0.9810530883144564,1
100,0.21059702012743764,0.17291601574669466,0.2840132064510127,0.98110220370822,1
101,0.2112149467469259,0.17629633340177397,0.2805667486519123,0.980911887497448,1
102,0.21617699838530172,0.17045343716928754,0.2785732610999483,0.9806955049106004,1
103,0.2270373085840662,0.15812989214198966,0.27936605116234636,0.980988764289879,1
104,0.21656089923623625,0.1515121975666499,0.28802473579464033,0.9815536357741819,1
105,0.20773647908977028,0.14587483872725712,0.29512799304071025,0.9811985026906435,1
106,0.2071654176710678,0.13324080787419618,0.2997892946518599,0.9815427902462114,1
107,0.21723176266563832,0.1287976373467615,0.3016737037717746,0.981767360841097,1
108,0.21576042142697263,0.13055032881681436,0.3054061717373465,0.9817891960124088,1
109,0.20991666437598747,0.12770997863028524,0.3146099248880336,0.9816486035742055,1
110,0.19829580808044317,0.13055302632904695,0.31825776606565426,0.9816526047516845,1
111,0.19671818223075493,0.12775796918260765,0.32010962869051096,0.9821262359939229,1
112,0.2113542063456958,0.1254020362707535,0.32365057557841526,0.9810283510471598,1
113,0.23278825143814572,0.13243102075343496,0.31282445454005453,0.9812680953382601,1
114,0.24952648216252055,0.1382761142094198,0.3041143254938595,0.9810805283726775,1
115,0.2599046095412056,0.14356112253230596,0.2970761828134523,0.9810336186756284,1
116,0.2615727558772791,0.14931771259096127,0.29477201676243414,0.9811751650161242,1
117,0.2612984135926738,0.15389491227801963,0.29405970268470377,0.9809145825110511,1
118,0.25604269887899994,0.15680543211834705,0.29390634554585215,0.9816780015700108,1
119,0.24697177541835838,0.15700533501095293,0.29447720008415695,0.9821681475839013,1
120,0.23971503664984514,0.15716525732503764,0.29493388371480084,0.9815687196973324,1
121,0.23390964563503455,0.15729319517630538,0.2952992306193159,0.9814762859236594,1
122,0.22926533282318606,0.1573955454573196,0.29559150814292795,0.9813140504217888,1
123,0.22554988257370728,0.15747742568213097,0.2958253301618176,0.9811949739103467,1
124,0.22257752237412426,0.15754292986198007,0.29601238777692934,0.9814572469272435,1
125,0.2160336569528252,0.15566149330105844,0.29828236071415243,0.981487024084099,1
126,0.20229419314633088,0.15043908158115699,0.3045791150507139,0.9815960252300381,1
127,0.19031325037428776,0.1473572295056599,0.309049315115361,0.9813682228227677,1
128,0.18072849615665326,0.14489174784526224,0.31262547516707867,0.9814817449606279,1
129,0.17306069278254568,0.1429193625169441,0.31548640320845284,0.981632886939511,1
130,0.16974936255743547,0.13955103442178274,0.31689104251957506,0.981557943449514,1
131,0.17495571300702611,0.1321994060760835,0.31594590131370864,0.9814237756995621,1
132,0.17783500533564423,0.12643152765747537,0.3168959667585637,0.9815273592476889,1
133,0.18000986039543326,0.12182856734838399,0.31782663695540253,0.9814889895407347,1
134,0.1817497444432645,0.11814619910111089,0.31857117311287364,0.9814463234472814,1
135,0.1831416516815295,0.11520030450329241,0.3191668020388505,0.9818724664059753,1
136,0.18425517747214148,0.11284358882503763,0.319643305179632,0.9815260074705576,1
137,0.18514599810463106,0.1109582162824338,0.3200245076922572,0.9816251846497445,1
138,0.18585865461062273,0.10944991824835074,0.3203294697023574,0.9815410506516596,1
139,0.1860198166809894,0.10951727438966108,0.3196125904656461,0.9814273656563023,1
140,0.18543306085203612,0.11180064979771873,0.31735760159789217,0.9817719738307775,1
141,0.18372517991879425,0.11869826323398266,0.31618108948223256,0.9813207437841367,1
142,0.18679247655703324,0.12715725326066124,0.30922757620723773,0.981426886589262,1
143,0.18082364657360384,0.137399641544466,0.29830504767674565,0.98176413554735,1
144,0.17304397241310793,0.1432611301339219,0.2892291223539068,0.9816305600656039,1
145,0.17608590909794897,0.136247181746676,0.296971174467003,0.9815099269644728,1
146,0.18720919733166785,0.129489968115988,0.31285674843135064,0.9813533184558606,1
147,0.19477339161695492,0.12846507131097623,0.3287094591518067,0.9815037973721423,1
148,0.20082474704518458,0.12764515386696682,0.34139162772817155,0.9815675480661904,1
149,0.20566583138776828,0.1269892199117593,0.35153736258926344,0.9815920507470893,1
150,0.20953869886183527,0.12646447274759326,0.3596539504781369,0.9818441450497758,1
151,0.21263699284108883,0.12604467501626043,0.36614722078923573,0.9818141098154509,1
152,0.2151156280244917,0.1257088368311942,0.37134183703811474,0.9825678847321615,1
153,0.21709853617121397,0.12544016628314117,0.375497530037218,0.9822766663700645,1
154,0.2186848626885918,0.12522522984469878,0.37882208443650056,0.9821672932936141,1
155,0.21995392390249408,0.12505328069394486,0.3814817279559266,0.9827994815360439,1
156,0.2209691728736159,0.12491572137334173,0.38360944277146747,0.9824245589852889,1
157,0.2179104453806215,0.12341454249832126,0.38168723242174335,0.982287565208193,1
158,0.20505279908190827,0.12208833137983023,0.36121015010307894,0.9823636284076066,1
159,0.19254522389930318,0.12557876484057773,0.3334969630550331,0.9821725022395336,1
160,0.17933183413029563,0.13143098060485023,0.3092371708465604,0.9822255481451402,1
161,0.1687611223150896,0.13611275321626823,0.2898293370797822,0.9821908490684127,1
162,0.16328593088647572,0.13445827900608429,0.27268496056764135,0.9820811478639313,1
163,0.1590936256163774,0.12852668138223144,0.2570711289641537,0.9818761621602488,1
164,0.15330908762255427,0.12371180360216329,0.2442764295987315,0.9819001500933001,1
165,0.14868145722749573,0.11985990137810877,0.23404067010639376,0.9821549512961051,1
166,0.14497935291144892,0.11677837959886515,0.22585206251252357,0.9852701370114456,1
167,0.14201766945861147,0.11431316217547026,0.21930117643742741,0.9874316631431526,1
168,0.1396483226963415,0.11234098823675434,0.21406046757735048,0.9873751845999423,1
169,0.13775284528652554,0.11076324908578161,0.20986790048928894,0.9881946175123033,1
170,0.13623646335867276,0.10950105776500342,0.20651384681883972,0.9894704370346473,1
171,0.13502335781639055,0.10849130470838086,0.20383060388248034,0.9906526678204398,1
172,0.13405287338256477,0.10768350226308283,0.20168400953339283,0.9909759913753013,1
173,0.13461071097220484,0.10974304395360546,0.2009636381146189,0.9911037225584072,1
174,0.14029768588785635,0.11999771832658716,0.20158443931243036,0.9913335787814843,1
175,0.14328117803302473,0.12801643016885733,0.2021843067248706,0.9922041382310843,1
176,0.1431949693130557,0.13333933126102124,0.2032807962853982,0.9926923660055768,1
177,0.14312600233708048,0.13759765213475236,0.20415798793382026,0.99238007753615,1
178,0.14307082875630028,0.14100430883373727,0.2048597412525579,0.9924758251477754,1
179,0.14302668989167613,0.1437296341929252,0.20542114390754804,0.9927929743875519,1
180,0.14355910668553876,0.14598744299622288,0.20661117797727113,0.9928589780266243,1
181,0.14658119861210286,0.14714502943100938,0.2074201425424765,0.9929216356161723,1
182,0.1463703125640012,0.14899541202630215,0.207885126352507,0.9935481602582649,1
183,0.14504273880895027,0.1496898058752613,0.20896432768812698,0.9936440226602014,1
184,0.14942078900099187,0.14227147687795472,0.20906979602894965,0.9937482805343926,1
185,0.15023720450849032,0.1348424781430519,0.20871147999676365,0.9935434004822333,1
186,0.15006427297571384,0.12890411042516497,0.20829506493775765,0.9934963632328427,1
187,0.14992592774949265,0.12415341625085542,0.20796193289055284,0.9937933816568405,1
188,0.1505299380543271,0.12841296130420068,0.20710812332421036,0.9905989480483733,1
189,0.15071782449963642,0.14095148986752898,0.20547065893072813,0.9881445397743758,1
190,0.14843192263975924,0.15283170657352768,0.20383484446995165,0.9864542747908223,1
191,0.1466032011518575,0.16233587993832663,0.20252619290133045,0.9856504980772536,1
192,0.14514022396153609,0.16993921863016578,0.2014792716464335,0.9850060633070913,1
193,0.14396984220927897,0.17602188958363713,0.20064173464251595,0.9847592967654017,1
194,0.14303353680747327,0.18088802634641418,0.1999717050393819,0.9841384447718817,1
195,0.14228449248602873,0.18478093575663584,0.19943568135687464,0.9842189428789858,1
196,0.14168525702887308,0.18789526328481315,0.19900686241086885,0.9838924135678041,1
197,0.14120586866314855,0.190386725307355,0.1986638072540642,0.9838890084094317,1
198,0.14082235797056894,0.19237989492538848,0.19838936312862052,0.9833258468091849,1
199,0.14051554941650524,0.19397443061981529,0.19816980782826554,0.983344432632405,1
200,0.14027010257325428,0.1952500591753567,0.19799416358798158,0.9828812632419861,1
201,0.14007374509865353,0.19627056201978985,0.1978536481957544,0.9825730035748375,1
202,0.1399166591189729,0.19708696429533637,0.19774123588197265,0.9824242765030529,1
203,0.13979099033522843,0.1977400861157736,0.19765130603094727,0.9815543040800865,1
204,0.13969045530823285,0.19826258357212337,0.19757936215012695,0.9820468294991764,1
205,0.13961002728663638,0.1986805815372032,0.1975218070454707,0.9821759878809938,1
206,0.1395456848693592,0.19901497990926703,0.1974757629617457,0.9818270243681945,1
207,0.15194312168393553,0.18226373140051677,0.20270667972421838,0.9820487438665119,1
208,0.16013638287236245,0.1679151603846126,0.2103850210433104,0.9819843386842257,1
209,0.16066911098343586,0.1548363567819635,0.2195598442494467,0.9821351467815208,1
210,0.15899419106153936,0.1413122503670873,0.22902330174617705,0.9819895202684452,1
211,0.156774899892948,0.12914630048446546,0.237050772505562,0.9824874810843593,1
212,0.15499946695807487,0.11941354057836799,0.24347274911307,0.9821161931663198,1
213,0.1535791206101764,0.11162733265349002,0.24861033039907637,0.9823976862418696,1
214,0.1524428435318576,0.10539836631358765,0.2527203954278815,0.982134260294632,1
215,0.15153382186920258,0.10041519324166574,0.25600844745092555,0.9824316175112973,1
216,0.15221584150388298,0.10044893073100677,0.2559503154310882,0.9825261008146192,1
217,0.15953604688693884,0.10468620404850666,0.25186496861083435,0.9823924800983299,1
218,0.1576151895152209,0.1021872612873743,0.25534479659599807,0.982709809983423,1
219,0.15325339106288816,0.09886451007271922,0.25964969243116526,0.9826066679168773,1
220,0.14976395230102194,0.09620630910099516,0.263093609099299,0.9824603827411703,1
221,0.1518457570500179,0.09506009306092705,0.2592979619289782,0.9821392806125199,1
222,0.15631269189434063,0.09687564997325383,0.25257048119184555,0.982142250119764,1
223,0.15784796828417172,0.10393149797982454,0.24751267647090253,0.9821942466961848,1
224,0.1572488800280707,0.10912909686832555,0.24402077400495645,0.9822014612278711,1
225,0.1573075469861792,0.11398554931562328,0.24115137236422374,0.9821638898833533,1
226,0.15368070795730268,0.11652647007641356,0.23475740204116952,0.982211719860431,1
227,0.14944921988882706,0.11857419487134682,0.2290691374071614,0.9822498394308089,1
228,0.14742587297099521,0.12423941062031539,0.22490919994929967,0.9821228468752535,1
229,0.14567281157982018,0.12270446877417462,0.2234890764908829,0.9822309485038565,1
230,0.1425542994400746,0.11844792935490273,0.22335445361582318,0.9822776157219422,1
231,0.1525501063512796,0.11365987826652944,0.22626936619468332,0.9823456307605721,1
232,0.1690415597776805,0.11443905790032151,0.2215635062337698,0.9825429373067385,1
233,0.1748074494846453,0.1271943322990367,0.22172539335915342,0.9829461048389636,1
234,0.1765431276682973,0.13383272023837653,0.22572784963297152,0.98283727447096,1
235,0.1772363476407735,0.137074441961769,0.2295633730480473,0.9826669979543581,1
236,0.17779092361875448,0.13966781934048295,0.23263179178010795,0.9827141916669279,1
237,0.17823458440113926,0.14174252124345413,0.23508652676575648,0.9826065605287388,1
238,0.1785895130270471,0.14340228276583106,0.2370503147542753,0.9827948507959914,1
239,0.17887345592777334,0.1447300919837326,0.23862134514509034,0.9829029960764125,1
240,0.17910061024835436,0.14579233935805386,0.23987816945774237,0.9830556282573185,1
241,0.17870413932172946,0.14322326695142587,0.24182640704901007,0.9830396404774835,1
242,0.17482700064544096,0.14285959569824125,0.23838789967357493,0.98297927984255,1
243,0.1683250008181826,0.1503569693490099,0.23535181300125382,0.9833378356661269,1
244,0.16627249628149407,0.16439216505769877,0.2328338941896483,0.9831493928163373,1
245,0.16280876088482282,0.17669589591442014,0.23011814911701384,0.9830179028772941,1
246,0.16411160468874547,0.17680475540547266,0.2255811558293122,0.9829197122042422,1
247,0.16669774921146088,0.17635341212038383,0.222064566263885,0.9829521461140907,1
248,0.1685581289000967,0.17770256511404334,0.2198854196312962,0.9830088108381432,1
249,0.17004643265100536,0.17878188750897092,0.21814210232522518,0.9826729920850213,1
250,0.17123707565173227,0.179645345424913,0.21674744848036837,0.98250992776792,1
251,0.17218959005231382,0.18033611175766667,0.21563172540448292,0.9825772915789505,1
252,0.17295160157277906,0.18088872482386958,0.21473914694377455,0.982595419181469,1
253,0.17356121078915124,0.18133081527683192,0.21402508417520785,0.9828316145201115,1
254,0.16965388449553515,0.17738483128544044,0.21345061887575154,0.9829250463672405,1
255,0.16465076986562277,0.17372278059316018,0.21581244342184538,0.9826606321169556,1
256,0.15678742350956248,0.16866250936651273,0.2262747022803131,0.9825852709759335,1
257,0.15566257244702575,0.15944319598212256,0.22884393647521606,0.9824728152731972,1
258,0.15306016541819434,0.1525734713305034,0.22701869461700175,0.9825059957647461,1
259,0.15065725296257412,0.14713659638503407,0.22513370212366463,0.9822719108574965,1
260,0.14873492299807795,0.1427870964286586,0.2236257081289949,0.9822651358078457,1
261,0.147197059026481,0.13930749646355825,0.22241931293325914,0.9822848775957782,1
262,0.14596676784920345,0.13652381649147796,0.22145419677667053,0.9822176640244321,1
263,0.14498253490738142,0.13429687251381373,0.22068210385139964,0.9821372298484325,1
264,0.14742630898119136,0.14042783630292482,0.21477633128976734,0.9814429950427367,1
265,0.15167134328364484,0.1505497880818689,0.2063393586983193,0.9818931799738516,1
266,0.1544587016434012,0.15934210468775603,0.20136217456659097,0.9819677036942964,1
267,0.15668858833120627,0.16637595797246577,0.19738042726120833,0.9815360120616451,1
268,0.15847249768145033,0.17200304060023355,0.1941950294169022,0.9818230290114511,1
269,0.15801086755236904,0.17149535955716882,0.19842256213573808,0.9816701922829711,1
270,0.16013362192843245,0.15996102046600696,0.21504419724383708,0.981816225403762,1
271,0.1564823713676819,0.14140885453038424,0.2374484991142463,0.9818002717841258,1
272,0.15261549838627705,0.12576337481868488,0.2560908788534424,0.98170840683582,1
273,0.14952200000115318,0.11324699104932541,0.27100478264479927,0.9814612157568976,1
274,0.14704720129305407,0.10323388403383783,0.2829359056778848,0.981582154259697,1
275,0.14506736232657477,0.09522339842144777,0.2924808041043532,0.9819511066569239,1
276,0.14348349115339135,0.08881500993153572,0.30011672284552793,0.9823151911008764,1
277,0.1422163942148446,0.08368829913960608,0.3062254578384677,0.9825933258239129,1
278,0.14120271666400722,0.07958693050606237,0.31111244583281955,0.9828408349878567,1
279,0.1403917746233373,0.0763058355992274,0.315022036228301,0.9831159173111043,1
280,0.13974302099080135,0.07368095967375943,0.31814970854468616,0.982410187439814,1
281,0.1392240180847726,0.07158105893338505,0.3206518463977943,0.9824566506080097,1
282,0.1388088157599496,0.06990113834108555,0.3226535566802808,0.982699113373134,1
283,0.1384766539000912,0.06855720186724594,0.32425492490627,0.9828730811193557,1
284,0.13821092441220448,0.06748205268817425,0.32553601948706135,0.9827001228018027,1
285,0.1379983408218951,0.06662193334491691,0.32656089515169445,0.9829204186917202,1
286,0.1378282739496476,0.06593383787031103,0.3273807956834009,0.9825835984676955,1
287,0.13769222045184962,0.06538336149062633,0.32803671610876606,0.9826618156882847,1
288,0.13758337765361123,0.06494298038687857,0.3285614524490582,0.982670533586887,1
289,0.1374963034150205,0.06459067550388035,0.32898124152129193,0.9829006824578903,1
290,0.13742664402414792,0.06430883159748178,0.3293170727790789,0.9825057555279095,1
291,0.13787635905457526,0.06528606178450265,0.32695927619540677,0.982709261098789,1
292,0.14517006003977034,0.0727246234329275,0.31308824475051117,0.9827405626789077,1
293,0.1511384099556274,0.08134337775811135,0.30173352312813073,0.9826074055464025,1
294,0.15579544685322172,0.08831709089629568,0.29262404978743,0.9826031098201111,1
295,0.15952107637129717,0.09389606140684315,0.2853364711148694,0.9823356523245957,1
296,0.16250157998575754,0.09835923781528111,0.279506408176821,0.9824806411463758,1
297,0.16488598287732584,0.10192977894203148,0.2748423578263822,0.9825699394055929,1
298,0.16679350519058048,0.10478621184343179,0.27111111754603123,0.9825530765233046,1
299,0.1683195230411842,0.10707135816455203,0.2681261253217504,0.9826313155872451,1
300,0.16954033732166715,0.10889947522144822,0.26573813154232573,0.9824600084109035,1
301,0.17051698874605353,0.11036196886696517,0.26382773651878605,0.9825986001971974,1
302,0.17129830988556263,0.11153196378337873,0.26229942049995425,0.9828383790948477,1
303,0.1719233667971699,0.11246795971650958,0.26107676768488886,0.9826512998111883,1
304,0.17242341232645572,0.11321675646301427,0.2600986454328365,0.9828687348066178,1
305,0.17282344874988437,0.113815793860218,0.25931614763119465,0.9794839839521916,1
306,0.1731434778886273,0.114295023777981,0.25869014938988116,0.9829319859314715,1
307,0.17339950119962164,0.1146784077121914,0.25818935079683036,0.9839144009096377,1
308,0.17360431984841712,0.11498511485955971,0.2577887119223897,0.9836887926429734,1
309,0.1737681747674535,0.11523048057745437,0.2574682008228372,0.9837474941097817,1
310,0.17389925870268258,0.11542677315177009,0.2572117919431952,0.9837516801444618,1
311,0.17400412585086586,0.11558380721122267,0.2570066648394816,0.9833111190066981,1
312,0.1740880195694125,0.11570943445878473,0.2568425631565107,0.9830627755615967,1
313,0.1741551345442498,0.11580993625683439,0.25671128181013403,0.983141437976805,1
314,0.17460206856645955,0.1208967712532287,0.24433092705068982,0.9830192398538226,1
315,0.17522177714578727,0.1283038616223139,0.22624309012157254,0.9829748600250455,1
316,0.17571754400924944,0.13422953391758202,0.21177282057827873,0.9827439985943924,1
317,0.1873413141054156,0.13695907762157739,0.2015574869163126,0.9829655452242552,1
318,0.1924249951298601,0.13624149132157437,0.1955959256709052,0.9829329550136696,1
319,0.17697894294849056,0.13525237622400285,0.19248166511576156,0.9831679203876471,1
320,0.1646221012033949,0.13446108414594563,0.18999025667164665,0.9831626382070382,1
321,0.1547366278073184,0.13382805048349986,0.18799712991635473,0.9833744828400778,1
322,0.1472280446455041,0.1333258938202441,0.18611901562756175,0.9832923334647425,1
323,0.15060690108823865,0.13172825354687204,0.18381489937117923,0.9828615618645556,1
324,0.17216306053750857,0.12823591992935723,0.18020210423236177,0.9827754091747329,1
325,0.18218190295602787,0.1283710090822035,0.1795262359166743,0.9827363569604016,1
326,0.1822239683043105,0.12905261886507527,0.1899232523266666,0.9831515443177897,1
327,0.18350811051024613,0.1228237414184409,0.20154726342096457,0.9831649712861674,1
328,0.18826028330669844,0.11703938094712088,0.20909805052540467,0.9831372866673168,1
329,0.19632970413973036,0.11641033228607693,0.2181930190213663,0.9831841389520306,1
330,0.20229947769107237,0.11513422109312516,0.22534980944427035,0.9831261153224642,1
331,0.20707529653214596,0.11411333213876373,0.23107524178259356,0.9832361300693606,1
332,0.21089595160500485,0.1132966209752746,0.23565558765325215,0.983312673385249,1
333,0.21395247566329195,0.11264325204448329,0.239319864349779,0.9832443020474744,1
334,0.21639769490992164,0.11212055689985025,0.2422512857070005,0.9831546707997021,1
335,0.2183538703072254,0.11170240078414381,0.24459642279277768,0.9831752782043399,1
336,0.21991881062506838,0.11136787589157866,0.24647253246139944,0.9830658422349543,1
337,0.22117076287934279,0.11110025597752654,0.24797342019629684,0.9828838537526504,1
338,0.2221723246827623,0.11088616004628485,0.24917413038421476,0.982985038225976,1
339,0.2190261171960958,0.10760490868614406,0.24339741015043442,0.9828154238304488,1
340,0.2112961482591959,0.10320245337728123,0.23942691088237228,0.9826808910962693,1
341,0.1973872848370369,0.10085692116353079,0.2388909684961655,0.9827521855280429,1
342,0.20388384036894572,0.09965182398687472,0.23234782385071112,0.9826796914067615,1
343,0.2101581454148744,0.09645846529043764,0.2312058501602782,0.9825344385796921,1
344,0.20693601653625038,0.10115218406324848,0.22655273420305633,0.9827635281689733,1
345,0.20095725777203508,0.10668193421212432,0.2208911519630133,0.9826936537814912,1
346,0.19583860831667813,0.11028843661367638,0.21621236354554554,0.9825195237821807,1
347,0.19174368875239256,0.11317363853491802,0.21246933281157135,0.9825401451116357,1
348,0.1855961056478439,0.12238487923210012,0.21089182252675445,0.9819201272494413,1
349,0.17919969004049296,0.13579088694771235,0.2080940675749103,0.9825328127634934,1
350,0.17408255755461222,0.14651569312020213,0.205855863613435,0.9827102928725134,1
351,0.192005662187019,0.14473245525664785,0.20403951166192172,0.9830172694790578,1
352,0.21466659209876138,0.13714750976646128,0.19936102610781817,0.9830281894066033,1
353,0.22968722362820695,0.1285399132952271,0.19501536473692857,0.9833272777840811,1
354,0.23962635792607312,0.12505335858682645,0.18813372054311514,0.9827909912403727,1
355,0.24348265760907142,0.12368684987088951,0.18184674656442798,0.9825350831786932,1
356,0.24656769735547007,0.12259364289813997,0.17681716738147824,0.9825011182110696,1
357,0.24903572915258898,0.12171907731994033,0.17279350403511845,0.9823705381875054,1
358,0.23917548793039584,0.12180983244385793,0.16883973670139382,0.9827112021255047,1
359,0.22331941893021526,0.12100444485938627,0.17677081174357226,0.982699453289098,1
360,0.2156208922026152,0.12319652053287244,0.18804153710102386,0.9828809522661162,1
361,0.20751852893296327,0.1261738655127495,0.19936523958586738,0.982796776891594,1
362,0.2010366383172417,0.12855574149665117,0.2084242015737422,0.9827486703504823,1
363,0.1941504871107048,0.1282208593484976,0.19979336308152174,0.982591656555653,1
364,0.18883077418497435,0.12974450320608136,0.1915681798339221,0.9827924664063407,1
365,0.1818299516761389,0.13382605904772704,0.1851678276814977,0.9824668007428534,1
366,0.17622929366907056,0.13709130372104358,0.18004754595955816,0.9824215118704994,1
367,0.17174876726341587,0.13970349945969682,0.17595132058200652,0.9825096717662862,1
368,0.16816434613889214,0.1417932560506194,0.17267434027996523,0.9826765536563767,1
369,0.16529680923927315,0.14346506132335746,0.1700527560383322,0.9825117805048246,1
370,0.16300277971957797,0.14480250554154792,0.16795548864502577,0.9824556856650788,1
371,0.1611675561038218,0.1458724609161003,0.16627767473038063,0.9827337764158192,1
372,0.15969937721121688,0.14672842521574217,0.1649354235986645,0.9822657354588361,1
373,0.15852483409713294,0.14741319665545569,0.1638616226932916,0.9830656172745924,1
374,0.15758519960586578,0.14796101380722648,0.16300258196899328,0.9832743179677195,1
375,0.15683349201285207,0.14839926752864313,0.16231534938955464,0.9830193259857266,1
376,0.1562321259384411,0.14874987050577645,0.16176556332600373,0.9831457805947534,1
377,0.15575103307891233,0.14903035288748312,0.161325734475163,0.9833165639829842,1
378,0.1553661587912893,0.14925473879284842,0.1609738713944904,0.9839679648707382,1
379,0.15505825936119086,0.14943424751714068,0.16069238092995233,0.9846718851982545,1
380,0.15732709812956164,0.149210958375966,0.16323715684882378,0.985723052434481,1
381,0.16796392822575093,0.13995143134975188,0.18329147123023537,0.9871833161634885,1
382,0.17059655905516344,0.13196104473534193,0.20615174064679503,0.9852660883332498,1
383,0.1698052720009156,0.12608467828871214,0.22734411758635115,0.9856089065849704,1
384,0.16917224235751735,0.1213835851314083,0.24429801913799604,0.9849727312852397,1
385,0.16866581864279875,0.11762271060556523,0.25786114037931196,0.9847411780012645,1
386,0.16826067967102387,0.11461401098489077,0.2687116373723647,0.9848998509335017,1
387,0.16793656849360397,0.1122070512883512,0.27739203496680687,0.9847789564056748,1
388,0.16689397053910573,0.10949744938336138,0.28167292305522884,0.9841311882835362,1
389,0.16292665612525792,0.10419363126833682,0.27444391357743925,0.9858231218233797,1
390,0.15975280459417968,0.09995057677631718,0.2686607059952076,0.984625531812721,1
391,0.15721372336931708,0.09655613318270145,0.26403413992942226,0.9857906636051048,1
392,0.15518245838942699,0.09384057830780888,0.260332887076794,0.9858505428877196,1
393,0.1535574464055149,0.09166813440789483,0.25737188479469136,0.9865250659865724,1
394,0.15292877503740246,0.10690776728188442,0.23532021724044075,0.986184812899266,1
395,0.1524258379429125,0.11909947358107609,0.21767888319704026,0.9853982621203763,1
396,0.15202348826732054,0.12885283862042943,0.20356581596231987,0.9856413415525744,1
397,0.15170160852684697,0.1366555306519121,0.19227536217454355,0.9851613655990288,1
398,0.1514441047344681,0.14289768427709823,0.18324299914432252,0.9847042801867871,1
399,0.151238101700565,0.14789140717724714,0.17601710872014567,0.9856387306030738,1
400,0.15107329927344254,0.15188638549736627,0.1702363963808042,0.9852285277947898,1
401,0.14843712867552486,0.151341531977417,0.16589852302089866,0.9850218334142846,1
402,0.14164715522236426,0.1446608099678812,0.16222155459747128,0.9847146045096111,1
403,0.1358561037754304,0.13931895239756423,0.15963557556588456,0.9847656629122706,1
404,0.1312232626178833,0.13504546634131065,0.15756679234061519,0.9852432695696561,1
405,0.13003058909384982,0.1316031851789098,0.15540849280220462,0.9850030713058706,1
406,0.1307521832092925,0.12883369870405706,0.1533463378660128,0.985384398768003,1
407,0.13132945850164665,0.12661810952417488,0.15169661391705933,0.9855572997479555,1
408,0.13179127873552995,0.12484563818026914,0.15037683475789654,0.9859382682630871,1
409,0.1321607349226366,0.12342766110514455,0.1493210114305663,0.9864811064762193,1
410,0.13245629987232194,0.12229327944504488,0.14847635276870214,0.9861587108047701,1
411,0.1326927518320702,0.12138577411696515,0.1478006258392108,0.9860873297693643,1
412,0.1328819133998688,0.12065976985450136,0.14726004429561773,0.9854823274231119,1
413,0.13303324265410768,0.12007896644453032,0.14682757906074326,0.9854270018613922,1
414,0.13315430605749878,0.1196143237165535,0.1464816068728437,0.9855858380329277,1
415,0.13325115678021168,0.11924260953417204,0.14620482912252405,0.9857482288528382,1
416,0.1484378501112822,0.11961902797894693,0.1442578097365229,0.9859504750973007,1
417,0.1775851406392348,0.12507706247938993,0.14325637762753154,0.9860263718582818,1
418,0.20967374428634056,0.1274543787061027,0.14623483954519392,0.9861187878232971,1
419,0.24007165796178548,0.12124824016582515,0.14834861811229919,0.986125112169644,1
420,0.2689186426402227,0.1154664374465595,0.1489008335267384,0.9887985877408754,1
421,0.29199623038297245,0.11084099527114698,0.1493426058582898,0.9908125793230824,1
422,0.3104583005771723,0.10714064153081695,0.14969602372353089,0.9906697884842525,1
423,0.32522795673253213,0.10418035853855294,0.14997875801572377,0.9923105711940295,1
424,0.33704368165682,0.10181213214474173,0.15020494544947807,0.9921713757463071,1
425,0.3464962615962503,0.09991755102969277,0.1503858953964815,0.9901124785403824,1
426,0.35405832554779454,0.09840188613765359,0.15053065535408425,0.9902993942404261,1
427,0.36010797670902994,0.09718935422402225,0.15064646332016646,0.9891245375880509,1
428,0.36494769763801826,0.09621932869311718,0.15073910969303222,0.9879717782821785,1
429,0.3460519666078919,0.10122707232972115,0.15473470622731145,0.9874416574024468,1
430,0.3315843963878873,0.10479249969590784,0.15530094833657784,0.9865974211826121,1
431,0.3186913524009202,0.11308064647022073,0.1549494796236539,0.9860339248886316,1
432,0.30348165275779004,0.12383436873930223,0.1556732695743553,0.9857282001146234,1
433,0.2913138930432859,0.13243734655456743,0.15625230153491637,0.9857355485078252,1
434,0.2815796852716826,0.1393197288067796,0.15671552710336525,0.9854855643030607,1
435,0.27379231905439994,0.1448256346085493,0.15708610755812435,0.9850087519391186,1
436,0.26756242608057385,0.14923035924996508,0.15738257192193164,0.9849475112010538,1
437,0.262578511701513,0.1527541389630977,0.15761974341297746,0.9847733319384359,1
438,0.2585913801982643,0.1555731627336038,0.15780948060581412,0.9846519165026062,1
439,0.2554016749956653,0.15782838175000868,0.15796127036008345,0.9847916337202246,1
440,0.2528499108335861,0.15963255696313258,0.1580827021634989,0.9848214234855732,1
441,0.25080849950392275,0.1610758971336317,0.15817984760623127,0.9845363321855728,1
442,0.24917537044019208,0.16223056927003102,0.15825756396041718,0.9845498309798559,1
443,0.24786886718920753,0.16315430697915045,0.1583197370437659,0.9849030409197632,1
444,0.2468236645884199,0.16389329714644602,0.15836947551044486,0.9870349865863651,1
445,0.24598750250778978,0.16448448928028245,0.15840926628378804,0.9880818188831086,1
446,0.2453185728432857,0.1649574429873516,0.15844109890246258,0.9886363055856052,1
447,0.24478342911168244,0.16533580595300693,0.15846656499740222,0.9881475360243379,1
448,0.24435531412639983,0.16563849632553118,0.15848693787335394,0.9875033588874662,1
449,0.24401282213817374,0.1658806486235506,0.1585032361741153,0.9875387177662608,1
450,0.24373882854759288,0.1660743704619661,0.15851627481472438,0.9866075081860947,1
451,0.2435196336751282,0.16622934793269853,0.15852670572721167,0.9861283049563951,1
452,0.24334427777715645,0.16635332990928448,0.15853505045720148,0.9860879553502853,1
453,0.26134208888839183,0.19974933059409425,0.19349470703242785,0.9857462812928641,1
454,0.2757403377773801,0.22646613114194206,0.22146243229260895,0.9857336052171825,1
455,0.28725893688857074,0.2478395715802203,0.24383661250075384,0.9851163920552035,1
456,0.2964738161775233,0.2649383239308429,0.26173595666726973,0.9850567205300785,1
457,0.3038457196086853,0.27861732581134097,0.27605543200048244,0.9847444555363795,1
458,0.3097432423536149,0.28956052731573945,0.2875110122670526,0.9847736780834843,1
459,0.3144612605495586,0.2983150885192582,0.29667547648030873,0.9844847259808285,1
460,0.3182356751063135,0.3053187374820732,0.30400704785091365,0.9843633638536738,1
461,0.3212552067517175,0.31092165665232524,0.3098723049473976,0.984257099232126,1
462,0.32367083206804065,0.31540399198852687,0.31456451062458474,0.9844776973664705,1
463,0.32560333232109917,0.31898986025748816,0.31831827516633443,0.9850177578010343,1
464,0.327149332523546,0.3218585548726572,0.3213212867997342,0.9839544675050598,1
465,0.3283861326855035,0.3241535105647924,0.323723696106454,0.9827374171384752,1
466,0.32937557281506946,0.32598947511850057,0.32564562355182985,0.9823644060510798,1
467,0.33016712491872224,0.3274582467614671,0.32718316550813054,0.9823625005043961,1
468,0.33080036660164447,0.32863326407584037,0.32841319907317107,0.9827131672364838,1
469,0.33130695994798226,0.329573277927339,0.32939722592520354,0.9819645840638331,1
470,0.33171223462505245,0.33032528900853786,0.3301844474068295,0.98039337229317,1
471,0.33203645436670864,0.33092689787349694,0.3308142245921303,0.9826027914864984,1
472,0.33229583016003356,0.3314081849654642,0.3313180463403709,0.9816602258649407,1
473,0.3325033307946935,0.33179321463903805,0.33172110373896335,0.9824389659991082,1
474,0.3326693313024215,0.3321012383778971,0.33204354965783733,0.9834589982237583,1
475,0.33280213170860384,0.33234765736898436,0.33230150639293654,0.9820806888242458,1
476,0.3329083720335497,0.33254479256185415,0.3325078717810159,0.9827894610622574,1
477,0.33299336429350646,0.33270250071615,0.33267296409147934,0.9825778806716502,1
478,0.3330613581014718,0.33282866723958665,0.3328050379398501,0.9823232594977888,1
479,0.3331157531478441,0.332929600458336,0.33291069701854675,0.9820870182573208,1
480,0.33315926918494193,0.33301034703333543,0.3329952242815041,0.9817157103362896,1
481,0.3331940820146202,0.333074944293335,0.3330628460918699,0.9817032149725645,1
482,0.33322193227836283,0.33312662210133465,0.3331169435401626,0.9818287719343548,1
483,0.33324421248935693,0.3331679643477344,0.3331602214987967,0.9821407736499685,1
484,0.3332620366581522,0.3332010381448542,0.333194843865704,0.9819994398917328,1
485,0.3332762959931884,0.33322749718255,0.3332225417592299,0.9818171903747274,1
486,0.3332877034612174,0.3332486644127067,0.33324470007405055,0.981852476229832,1
487,0.3332968294356406,0.333265598196832,0.3332624267259071,0.9821381760233502,1
488,0.33330413021517913,0.33327914522413227,0.33327660804739234,0.9821254278774676,1
489,0.33330997083881,0.3332899828459725,0.33328795310458054,0.9819188741711908,1
490,0.33331464333771466,0.3332986529434447,0.3332970291503311,0.9816335861496024,1
491,0.3333183813368384,0.33330558902142243,0.33330428998693157,0.9817349979558018,1
492,0.33332137173613735,0.3333111378838046,0.3333100986562119,0.9816624417410835,1
493,0.33332376405557657,0.33331557697371034,0.3333147455916362,0.9819266164481351,1
494,0.3374873504828604,0.33853060165562776,0.28975877348714585,0.9816210924985533,1
495,0.34439347290810246,0.3430823060340353,0.2537243898845497,0.9817296849953034,1
496,0.3422388236181918,0.3537022544118702,0.22594680479622406,0.9818291415366152,1
497,0.3405151041862633,0.36219821311413813,0.20372473672556354,0.9818281272145968,1
498,0.33913612864072046,0.3689949800759525,0.18594708226903514,0.9820443630817843,1
499,0.3380329482042862,0.374432393645404,0.1717249587038124,0.9817774198633278,1
500,0.3371504038551388,0.37878232450096516,0.16034725985163423,0.9818082795599145,1
501,0.33644436837582087,0.3822622691854141,0.1512451007698917,0.9816895733641782,1
502,0.3358795399923665,0.38504622493297325,0.14396337350449767,0.9819415230256032,1
503,0.3354276772856031,0.3872733895310206,0.13813799169218244,0.9824551669918693,1
504,0.3350661871201923,0.38905512120945845,0.13347768624233025,0.9823560392749928,1
505,0.3347769949878637,0.39048050655220873,0.1297494418824485,0.9823485801611337,1
506,0.33454564128200076,0.3916208148264089,0.1267668463945431,0.9823058469671564,1
507,0.31542812223611916,0.36045435707574913,0.11933324362261538,0.9825960155018221,1
508,0.2989811905483922,0.34466679870067163,0.11055165348852969,0.9827391064866047,1
509,0.2622541643303958,0.32369155409082456,0.1017260956556185,0.9827225972340865,1
510,0.22900166713294026,0.304916615953088,0.09383522714307185,0.9826645754879648,1
511,0.20239966937497583,0.28989666544289877,0.08752253233303453,0.9825153148308591,1
512,0.1811180711686043,0.2778807050347474,0.08247237648500468,0.9824051343862206,1
513,0.1932448347329276,0.2987328622536152,0.08345368137361397,0.9824313581657327,1
514,0.1987055329630779,0.31508229533560156,0.08377915416399342,0.982503197580981,1
515,0.20125483230469118,0.32849414699559415,0.08404746341318518,0.9840089985792916,1
516,0.2032942717779818,0.3392236283235882,0.0842621108125386,0.983174893257728,1
517,0.20492582335661427,0.34780721338598347,0.08443382873202132,0.9845185432024162,1
518,0.20623106461952026,0.3546740814358997,0.0845712030676075,0.983290244843605,1
519,0.20727525762984506,0.36016757587583265,0.08468110253607644,0.9826852406865373,1
520,0.20811061203810488,0.364562371427779,0.08476902211085159,0.9823700500243694,1
521,0.20877889556471274,0.36807820786933604,0.08483935777067171,0.9821976479113265,1
522,0.20931352238599904,0.3708908770225817,0.08489562629852782,0.9835521979176944,1
523,0.20974122384302807,0.37314101234517827,0.08494064112081269,0.9834273129528233,1
524,0.2100833850086513,0.3749411206032555,0.0849766529786406,0.983337571642861,1
525,0.2103571139411499,0.3763812072097173,0.08500546246490293,0.982720511994523,1
526,0.21057609708714875,0.3775332764948867,0.08502851005391278,0.9827559571225095,1
527,0.21075128360394785,0.37845493192302226,0.08504694812512066,0.9825776226915943,1
528,0.21089143281738712,0.3791922562655307,0.08506169858208697,0.9826673205346752,1
529,0.21100355218813854,0.37978211573953746,0.08507349894766002,0.9824859036678565,1
530,0.2110932476847397,0.3802540033187429,0.08508293924011846,0.9824460862279918,1
531,0.2111650040820206,0.38063151338210716,0.08509049147408522,0.982433999453173,1
532,0.21122240919984533,0.3809335214327986,0.08509653326125861,0.9822955424760609,1
533,0.2112683332941051,0.3811751278733518,0.08510136669099734,0.9821908281005894,1
534,0.21130507256951292,0.38136841302579433,0.08510523343478832,0.9822726866760804,1
535,0.21133446398983918,0.3815230411477483,0.0851083268298211,0.9821843708266224,1
536,0.2113579771261002,0.38164674364531154,0.08511080154584733,0.9820739896222213,1
537,0.20222087693976568,0.38732031585462917,0.08382518886138624,0.9821829162541209,1
538,0.19966886434451384,0.39168597018540496,0.08004118873611707,0.9822675113663462,1
539,0.19742830288471422,0.39658365910641946,0.07819759380732755,0.9821499376821577,1
540,0.19498230802174585,0.4011290818421357,0.07724797400625442,0.9821219232447995,1
541,0.19302551213137115,0.4047654200307087,0.07648827816539593,0.9822376906514925,1
542,0.19146007541907137,0.4076744905815671,0.07588052149270913,0.9816797027407607,1
543,0.19020772604923156,0.4100017470222538,0.0753943161545597,0.9818290488163733,1
544,0.1892058465533597,0.41186355217480314,0.07500535188404016,0.9820951730959502,1
545,0.18840434295666222,0.41335299629684263,0.07469418046762452,0.9821561227001617,1
546,0.18776314007930425,0.41454455159447423,0.07444524333449201,0.9821880493966487,1
547,0.18725017777741787,0.4154977958325795,0.074246093627986,0.982393489791631,1
548,0.18683980793590876,0.41626039122306374,0.07408677386278119,0.9824075149014955,1
549,0.18651151206270147,0.41687046753545115,0.07395931805061734,0.9824653829287984,1
550,0.18624887536413565,0.41735852858536104,0.07385735340088627,0.9826981764473443,1
551,0.18603876600528296,0.41774897742528894,0.07377578168110141,0.9827504013686965,1
552,0.18587067851820083,0.41806133649723126,0.07371052430527351,0.9825393803645623,1
553,0.18573620852853512,0.41831122375478513,0.0736583184046112,0.9827841014298353,1
554,0.18562863253680256,0.41851113356082825,0.07361655368408136,0.9826790670146419,1
555,0.1855425717434165,0.41867106140566274,0.07358314190765748,0.9826129340142563,1
556,0.17937255727703813,0.40371309715764603,0.07754072172806473,0.982646817031718,1
557,0.17419245080632584,0.3766160627367898,0.08437913463445224,0.9820656223772236,1
558,0.1706352661257669,0.36107451828674253,0.08716706099239364,0.9829149538741967,1
559,0.16792049675669926,0.3493728075817222,0.0892880480478752,0.982356037117083,1
560,0.16574868126144515,0.3400114390177059,0.09098483769226044,0.9829032818686514,1
561,0.16401122886524186,0.3325223441664929,0.09234226940776863,0.9827209326858412,1
562,0.16262126694827922,0.3265310682855225,0.09342821478017518,0.9831615030653313,1
563,0.16150929741470912,0.32173804758074614,0.09429697107810042,0.983666225815347,1
564,0.16061972178785303,0.3179036310169251,0.09499197611644061,0.983494645580649,1
565,0.15990806128636817,0.31483609776586824,0.09554798014711277,0.9835673344209306,1
566,0.15933873288518027,0.31238207116502276,0.0959927833716505,0.9835983720025843,1
567,0.15888327016422996,0.31041884988434637,0.09634862595128067,0.9837037543292986,1
568,0.1585188999874697,0.30884827285980526,0.09663330001498482,0.9838713173962873,1
569,0.15822740384606152,0.3075918112401724,0.09686103926594813,0.9836635081048437,1
570,0.15799420693293495,0.30658664194446605,0.09704323066671879,0.983717390732857,1
571,0.1578076494024337,0.305782506507901,0.09718898378733531,0.983763030793084,1
572,0.1576584033780327,0.305139198158649,0.09730558628382853,0.984050056888635,1
573,0.15753900655851188,0.30462455147924733,0.09739886828102311,0.9848696295283739,1
574,0.15779047582872385,0.3036646905990588,0.1014176944097345,0.9843803784198357,1
575,0.15903261142237926,0.3012523712849064,0.11646535690557082,0.9842555426813708,1
576,0.16002631989730356,0.29932251583358443,0.12850348690223987,0.9842789827225918,1
577,0.16082128667724302,0.29777863147252687,0.13813399089957512,0.9847176330188769,1
578,0.1614572601011946,0.29654352398368083,0.1458383940974433,0.9846764618201778,1
579,0.16196603884035585,0.295555437992604,0.15200191665573787,0.9846147943005236,1
580,0.16237306183168485,0.2947649691997425,0.1569327347023735,0.9846057398279261,1
581,0.1680479495793873,0.2979469958485271,0.1612994528325489,0.985196756294086,1
582,0.17526249445486886,0.3023998180090916,0.16500385918312263,0.9845422496861238,1
583,0.1810341303552541,0.30596207573754325,0.16796738426358163,0.9840466895514384,1
584,0.18565143907556228,0.30881188192030457,0.17033820432794883,0.9834019417790604,1
585,0.19526132195938312,0.3099897174626885,0.1728119681185833,0.983099208005374,1
586,0.2136145564640491,0.2997527965212727,0.17215152054181865,0.9827756476774485,1
587,0.20942382783333457,0.296532291082739,0.16671454753132697,0.9825339899748273,1
588,0.19428126226985015,0.28687967411716203,0.1531026510965446,0.98248450498269,1
589,0.18482620890028756,0.2656858680391968,0.14856041091166763,0.9825555088747336,1
590,0.1705938981606554,0.2381034734038304,0.14786793507604948,0.9825674417643168,1
591,0.15779308847269483,0.2142440541515775,0.1473375094855575,0.9821425019974714,1
592,0.14755244072232634,0.1951565187497752,0.1469131690131639,0.9825439103159239,1
593,0.13935992252203158,0.17988649042833335,0.14657369663524902,0.9825649880181248,1
594,0.1392030889068793,0.1726531244476301,0.14403587224264586,0.9825962963788512,1
595,0.16568600377403864,0.18432528507335907,0.13300148343329324,0.9826465816061443,1
596,0.18122681655456577,0.19103930071302686,0.12459580647053342,0.9827273796933814,1
597,0.1923361330290967,0.19411795620846364,0.12016088581448409,0.9824461883526754,1
598,0.20221373809665621,0.20220849157168247,0.11379066126276442,0.9827579583569894,1
599,0.20328923674446697,0.21317802771988148,0.10700002452768469,0.9831227733756612,1
600,0.20414963566271557,0.2219536566384407,0.1015675151396209,0.9832981676071595,1
